No. obs,Google,TPR,FNR,FPR,F1,Mapbox,TPR,FNR,FPR,F1,LLM,TPR,FNR,FPR,F1
1, ,0.7,0.3,0.36428571428571427,0.33, ,0.45,0.55,0.59,0.09, ,0.2,0.8,0.86,0.01
3, ,0.75,0.25,0.35714285714285715,0.35, ,0.65,0.35,0.39,0.25, ,0.3,0.7,0.82,0.03
5, ,0.9,0.1,0.16428571428571428,0.59, ,1.0,0.0,0.0,1.0, ,0.2,0.8,0.95,0.01
10, ,1.0,0.0,0.0,1.0, ,1.0,0.0,0.0,1.0, ,0.25,0.75,0.79,0.02
15, ,1.0,0.0,0.0,1.0, ,0.9,0.1,0.16,0.59, ,0.25,0.75,0.89,0.02
